{
  "project_info": {
    "project_number": "440752960999",
    "firebase_url": "https://lostnfound-3024f.firebaseio.com",
    "project_id": "lostnfound-3024f",
    "storage_bucket": "lostnfound-3024f.appspot.com"
  },
  "client": [
    {
      "client_info": {
        "mobilesdk_app_id": "1:440752960999:android:00e130d62337d954017942",
        "android_client_info": {
          "package_name": "com.example.dku_lf"
        }
      },
      "oauth_client": [
        {
          "client_id": "440752960999-ljg9vh4d6bf2jfibsus4npd7evibi6n3.apps.googleusercontent.com",
          "client_type": 3
        }
      ],
      "api_key": [
        {
          "current_key": "AIzaSyD1kceY2m4MC-Bp-zZKVcQkZN8yXnFp1hI"
        }
      ],
      "services": {
        "appinvite_service": {
          "other_platform_oauth_client": [
            {
              "client_id": "440752960999-ljg9vh4d6bf2jfibsus4npd7evibi6n3.apps.googleusercontent.com",
              "client_type": 3
            }
          ]
        }
      }
    }
  ],
  "configuration_version": "1"
}